https://wiki.xxiivv.com,xxiivv
http://estevancarlos.com,estevancarlos
https://electro.pizza,electro pizza
https://avanier.now.sh,Arachne
https://kaemura.com,kaemura
https://liamcooke.com,liamcooke
https://hraew.autophagy.io,hraew.autophagy
http://evenunto.net,evenunto.net
https://anxl.faith,anxl.faith
https://xvw.github.io,planet
https://heracl.es,heracl.es
https://turelio.github.io,turelio.github
https://shards.lectronice.com,shards
https://craze.co.uk,craze.co.uk
https://shaneckel.com,shaneckel
https://cblgh.org,cblgh
https://ellugar.co,ellugar
http://chigby.org,chigby
https://longest.voyage,longest.voyage
https://palomakop.tv,palomakop.tv
https://v-os.ca,v-os.ca
https://jmandel.xyz,jmandel.xyz
https://2d4.dev,2d4.dev
https://nathanwentworth.co,nathanwentworth
https://uonai.space,uonai.space
http://controls.ee,controls.ee
https://wasin.io,wasin
https://inns.studio,inns.studio
http://kokorobot.ca,kokorobot.ca
https://ameyama.com,ameyama
https://wake.st,wake.st
https://xarene.la,xarene.la
https://alex.zyzhang.me,alex.zyzhang.me
http://bildwissenschaft.vortok.info,vortok
https://jakofranko.github.com,jakofranko.github
https://aeriform.io,aeriform.io
http://blog.lucasdidthis.com,blog.lucasdidthis
http://npisanti.com,npisanti.com
https://underscorediscovery.ca,underscorediscovery
https://drisc.io,drisc
https://ricky.codes,ricky.codes
https://maxdeviant.com,maxdeviant
https://tynandebold.com,tynandebold
http://gytis.co,gytis.co
https://nomand.co,nomand.co
http://memoriata.com,memoriata
https://mmm.s-ol.nu,s-ol.nu
https://chad.is,chad.is
https://smidgeo.com/bots,smidgeo.com/bots
https://iko.soy,iko.soy
http://atelieroilandsugar.com,atelieroilandsugar
https://magoz.is,magoz.is
https://szymonkaliski.com,szymonkaliski
https://phse.net,phse.net
https://rosano.ca,rosano.ca
https://gndclouds.cc,gndclouds.cc
https://xuv.be,xuv.be
https://dsdshcym.github.io,dsdshcym.github.io
https://boffosocko.com,boffosocko
https://hex22.org,hex22
https://patrikarvidsson.com,patrikarvidsson
https://sophieleetmaa.com,sophieleetmaa
https://xinniw.github.io,xinniw.github
https://mboxed.github.io/sodatsu,sodatsu
https://letters.vexingworkshop.com,vexingworkshop
https://tom.org.nz,Tom Hackshaw
https://teknari.com,Teknari
https://colectivo-de-livecoders.gitlab.io,Colectivo de Livecoders
https://www.madewithtea.com,madewithtea
https://amorris.ca,amorris
http://www.miha-co.ca,miha-co
https://buzzert.net,buzzert.net
https://notes.stuartpb.com/,notes.stuartpb
https://xxiii.co,xxiii
https://kor.nz,kor
https://lublin.se,lublin.se
https://zanneth.com,zanneth
https://eli.li,eli.li
https://gueorgui.net,gueorgui.net
https://www.tatecarson.com,Tate Carson
https://azlen.me,azlen.me
https://opinionatedguide.github.io/,OpGuides
https://chrismaughan.com/,CMaughan
https://oddworlds.org/,oddworlds soliloquy
https://fundor333.com/,Fundor333
https://cass.si,cass.si
https://dotcomboom.somnolescent.net/,somnolescent.net
https://cadmican.neocities.org/,cadmican
https://jskjott.com,jskjott
https://sixey.es/,sixey.es
https://tilde.town/~dustin/,0xdstn
http://www.jameschip.io,James Chip
https://patrick-is.cool,patrick-is.cool
https://icyphox.sh,icyphox.sh
https://royniang.com,roy niang
https://www.raul.earth/,raul altosaar
https://crlf.site,Cr;Lf;
https://www.johannesg.com,Jóhannes G. Þorsteinsson
https://provokeanalog.com,Provoke Analog
https://eti.tf,eti.tf
https://rezmason.net,rezmason.net
https://estfyr.net,estfyr.net
https://paysonwallach.com,paysonwallach.com
https://natwelch.com,natwelch
https://parkimminent.com,Park Imminent
https://aklsh.github.io,aklsh.github
https://paulglushak.com,paulglushak
https://simone.computer,"Simone""s Computer"
https://xj9.io,dreamspace
https://simply.personal.jenett.org,jenett. simply. personal.
http://q.pfiffer.org/,q.pfiffer.org
https://ashpex.neocities.org,ashpex
https://zvava.org,zvava
https://amorphic.space,amorphic.space
https://www.edwinwenink.xyz,Archive Fever
https://www.mentalnodes.com,Mental Nodes
https://copiona.com,copiona
https://proycon.anaproy.nl,proycon
https://www.marginchronicles.com,margin chronicles
https://roytang.net,roytang.net
https://materialfuture.net,MaterialFuture
https://solquemal.com/,solquemal
https://dampfkraft.com,Dampfkraft
https://travisshears.com,travisshears
https://futuristan.io,futuristan.io
https://www.romainaubert.com/,romain aubert
